-- === SEED: Blog Posts ===
-- Posts: 20, testimonials: 10
INSERT INTO blog_posts (id, category_id, author_id, status, cover_image_id, reading_minutes, published_at, scheduled_at, created_at, updated_at) VALUES ('dad1642d-d4d1-4bcf-bad5-16a5408e2a24', '83253037-5f33-4c76-9f00-511225131426', NULL, 'PUBLISHED', NULL, 12, '2026-05-28T00:00:00.000Z', NULL, '2026-07-09T09:27:42.515Z', '2026-07-09T09:27:42.515Z');
INSERT INTO blog_post_translations (id, post_id, locale, slug, title, excerpt, content_json, content_html, table_of_contents_json, faq_json, seo_meta_id) VALUES ('8ba4e0af-0476-4428-83de-b7918815109a', 'dad1642d-d4d1-4bcf-bad5-16a5408e2a24', 'ru', 'chto-takoe-gipnoterapiya', 'Что такое гипнотерапия и как она работает — полный гид', 'Гипнотерапия — научно обоснованный метод работы с подсознанием. Разбираем, как работает гипноз, чем отличается от эстрадного, кому подходит и какие результаты даёт.', NULL, '<p>Гипнотерапия — это метод психотерапии, который использует гипнотическое состояние (транс) для доступа к подсознанию и работы с глубинными причинами психологических проблем. Вопреки распространённым мифам, это не магия и не контроль сознания — это научно обоснованный подход с доказанной эффективностью.</p><p>В этой статье разберём, что такое гипнотерапия на самом деле, как она работает, чем отличается от "гипноза на сцене" и какие результаты можно ожидать.</p><h2>Что такое гипнотерапия?</h2><p>Гипнотерапия — это направление психотерапии, в котором терапевт использует гипноз как инструмент для работы с подсознанием клиента. В состоянии транса критическое мышление (сознание) временно отходит на второй план, открывая прямой доступ к подсознательным процессам. Важно понимать: гипнотерапия — это не гипноз "цыганский" или эстрадный. Это терапевтический процесс, который проходит в безопасной, контролируемой обстановке с полным сохранением контроля со стороны клиента.</p><p>Основные направления гипнотерапии: эриксоновский гипноз — мягкий, метафорический подход; регрессивная гипнотерапия — поиск и проработка первичной травмы; классический (директивный) гипноз — прямые внушения.</p><h2>Как работает гипнотерапия: научное объяснение</h2><p>С точки зрения нейрофизиологии, гипнотический транс — это естественное состояние изменённого сознания, в котором мозг работает на особых частотах. В этом состоянии повышается активность передней поясной коры, снижается активность дорсомедиальной префронтальной коры, усиливается связь между телом и эмоциональными центрами мозга.</p><h2>С какими проблемами работает гипнотерапия?</h2><p>Научные исследования подтверждают эффективность гипнотерапии при тревожных расстройствах, самосаботаже и прокрастинации, эмоциональном выгорании, психосоматике, личностных кризисах, работе с подсознанием.</p><p>Статья носит информационный характер и не является медицинской рекомендацией.</p>', NULL, NULL, NULL);
INSERT INTO blog_post_translations (id, post_id, locale, slug, title, excerpt, content_json, content_html, table_of_contents_json, faq_json, seo_meta_id) VALUES ('ed052c01-c430-4e92-be9f-8ac7f7058284', 'dad1642d-d4d1-4bcf-bad5-16a5408e2a24', 'uk', 'chto-takoe-gipnoterapiya', 'Что такое гипнотерапия и как она работает — полный гид', 'Гипнотерапия — научно обоснованный метод работы с подсознанием. Разбираем, как работает гипноз, чем отличается от эстрадного, кому подходит и какие результаты даёт.', NULL, '<p>Гипнотерапия — это метод психотерапии, который использует гипнотическое состояние (транс) для доступа к подсознанию и работы с глубинными причинами психологических проблем. Вопреки распространённым мифам, это не магия и не контроль сознания — это научно обоснованный подход с доказанной эффективностью.</p><p>В этой статье разберём, что такое гипнотерапия на самом деле, как она работает, чем отличается от "гипноза на сцене" и какие результаты можно ожидать.</p><h2>Что такое гипнотерапия?</h2><p>Гипнотерапия — это направление психотерапии, в котором терапевт использует гипноз как инструмент для работы с подсознанием клиента. В состоянии транса критическое мышление (сознание) временно отходит на второй план, открывая прямой доступ к подсознательным процессам. Важно понимать: гипнотерапия — это не гипноз "цыганский" или эстрадный. Это терапевтический процесс, который проходит в безопасной, контролируемой обстановке с полным сохранением контроля со стороны клиента.</p><p>Основные направления гипнотерапии: эриксоновский гипноз — мягкий, метафорический подход; регрессивная гипнотерапия — поиск и проработка первичной травмы; классический (директивный) гипноз — прямые внушения.</p><h2>Как работает гипнотерапия: научное объяснение</h2><p>С точки зрения нейрофизиологии, гипнотический транс — это естественное состояние изменённого сознания, в котором мозг работает на особых частотах. В этом состоянии повышается активность передней поясной коры, снижается активность дорсомедиальной префронтальной коры, усиливается связь между телом и эмоциональными центрами мозга.</p><h2>С какими проблемами работает гипнотерапия?</h2><p>Научные исследования подтверждают эффективность гипнотерапии при тревожных расстройствах, самосаботаже и прокрастинации, эмоциональном выгорании, психосоматике, личностных кризисах, работе с подсознанием.</p><p>Статья носит информационный характер и не является медицинской рекомендацией.</p>', NULL, NULL, NULL);
INSERT INTO blog_posts (id, category_id, author_id, status, cover_image_id, reading_minutes, published_at, scheduled_at, created_at, updated_at) VALUES ('0eec60af-5390-4686-a8cf-e0dcfd723376', '83253037-5f33-4c76-9f00-511225131426', NULL, 'PUBLISHED', NULL, 10, '2026-04-28T00:00:00.000Z', NULL, '2026-07-09T09:27:42.515Z', '2026-07-09T09:27:42.515Z');
INSERT INTO blog_post_translations (id, post_id, locale, slug, title, excerpt, content_json, content_html, table_of_contents_json, faq_json, seo_meta_id) VALUES ('140f1147-6c05-4c91-a127-1b0699162bc9', '0eec60af-5390-4686-a8cf-e0dcfd723376', 'ru', 'kak-rabotaet-gipnoz', 'Как работает гипноз — научное объяснение механизмов транса', 'Как работает гипноз с точки зрения науки и нейрофизиологии. Что происходит в мозге во время транса, почему гипноз эффективен и как он помогает менять подсознательные программы.', NULL, '<p>Гипноз окружён мифами: одни считают его магией, другие — шарлатанством, третьи — опасным инструментом контроля сознания. Реальность, как всегда, посередине. Гипноз — это естественное состояние нервной системы, которое имеет чёткое научное объяснение.</p><p>В этой статье разберём, что происходит в мозге и теле человека во время гипнотического транса, почему он работает и как это знание помогает в психотерапии.</p><h2>Что такое гипноз с научной точки зрения?</h2><p>Гипноз — это состояние изменённого сознания, характеризующееся повышенной фокусировкой внимания, снижением критического мышления и усилением восприимчивости к внушениям. Каждый из нас хотя бы раз был в лёгком трансе: когда вы "выпадаете" из реальности за рулём или читаете книгу и не слышите окружающих.</p><h2>Что происходит в мозге во время гипноза?</h2><p>Исследования с использованием фМРТ и ЭЭГ показывают чёткие изменения: повышается активность передней поясной коры (центр фокусировки), снижается активность дорсомедиальной префронтальной коры (критическое мышление), усиливается связь островковой доли с телом и эмоциями, изменяется фильтрация сигналов в таламусе.</p><h2>Почему гипноз работает в психотерапии?</h2><p>Наиболее признанная теория — теория диссоциации: в трансе сознание временно "отключает" контроль над некоторыми процессами, позволяя терапевту работать напрямую с подсознанием.</p><p>Статья носит информационный характер и не является медицинской рекомендацией.</p>', NULL, NULL, NULL);
INSERT INTO blog_post_translations (id, post_id, locale, slug, title, excerpt, content_json, content_html, table_of_contents_json, faq_json, seo_meta_id) VALUES ('75b764b0-7227-4705-b5a5-c5d4009d75ef', '0eec60af-5390-4686-a8cf-e0dcfd723376', 'uk', 'kak-rabotaet-gipnoz', 'Как работает гипноз — научное объяснение механизмов транса', 'Как работает гипноз с точки зрения науки и нейрофизиологии. Что происходит в мозге во время транса, почему гипноз эффективен и как он помогает менять подсознательные программы.', NULL, '<p>Гипноз окружён мифами: одни считают его магией, другие — шарлатанством, третьи — опасным инструментом контроля сознания. Реальность, как всегда, посередине. Гипноз — это естественное состояние нервной системы, которое имеет чёткое научное объяснение.</p><p>В этой статье разберём, что происходит в мозге и теле человека во время гипнотического транса, почему он работает и как это знание помогает в психотерапии.</p><h2>Что такое гипноз с научной точки зрения?</h2><p>Гипноз — это состояние изменённого сознания, характеризующееся повышенной фокусировкой внимания, снижением критического мышления и усилением восприимчивости к внушениям. Каждый из нас хотя бы раз был в лёгком трансе: когда вы "выпадаете" из реальности за рулём или читаете книгу и не слышите окружающих.</p><h2>Что происходит в мозге во время гипноза?</h2><p>Исследования с использованием фМРТ и ЭЭГ показывают чёткие изменения: повышается активность передней поясной коры (центр фокусировки), снижается активность дорсомедиальной префронтальной коры (критическое мышление), усиливается связь островковой доли с телом и эмоциями, изменяется фильтрация сигналов в таламусе.</p><h2>Почему гипноз работает в психотерапии?</h2><p>Наиболее признанная теория — теория диссоциации: в трансе сознание временно "отключает" контроль над некоторыми процессами, позволяя терапевту работать напрямую с подсознанием.</p><p>Статья носит информационный характер и не является медицинской рекомендацией.</p>', NULL, NULL, NULL);
INSERT INTO blog_posts (id, category_id, author_id, status, cover_image_id, reading_minutes, published_at, scheduled_at, created_at, updated_at) VALUES ('8fc7bf36-e412-42e1-9c13-1748204ad7da', '9e46b05c-83c0-45b3-b45b-4e14eea8319d', NULL, 'PUBLISHED', NULL, 11, '2026-03-26T00:00:00.000Z', NULL, '2026-07-09T09:27:42.515Z', '2026-07-09T09:27:42.515Z');
INSERT INTO blog_post_translations (id, post_id, locale, slug, title, excerpt, content_json, content_html, table_of_contents_json, faq_json, seo_meta_id) VALUES ('2f175cf5-4ecd-4fc0-9742-50d7e7447a52', '8fc7bf36-e412-42e1-9c13-1748204ad7da', 'ru', 'trevoga-prichiny-i-simptomy', 'Тревога: причины, симптомы и когда стоит обратиться к специалисту', 'Симптомы и причины тревоги: как отличить норму от расстройства, почему возникает постоянное беспокойство и какие методы помогают вернуть спокойствие.', NULL, '<p>Тревога — нормальная реакция психики на угрозу. Проблема начинается тогда, когда тревога становится хронической: вы просыпаетесь уже с беспокойством, прокручиваете в голове страхи, а тело находится в постоянном напряжении. Такое состояние не просто мешает жить — оно разрушает здоровье.</p><p>Разберём, как отличить здоровую тревогу от проблемы, какие у неё истинные причины и что делать, если тревога взяла верх.</p><h2>Симптомы тревоги: как распознать</h2><p>Тревога проявляется на трёх уровнях: физическом (учащённое сердцебиение, поверхностное дыхание, напряжение в мышцах), эмоционально-когнитивном (постоянное беспокойство, ожидание худшего, раздражительность) и поведенческом (избегание, проверка действий, откладывание дел).</p><h2>Основные причины тревоги</h2><p>Биологические факторы: повышенная активность миндалевидного тела. Психологические причины: корни в детстве, непредсказуемая среда. Подсознательные конфликты: тревога может быть сигналом внутреннего конфликта.</p><p>Статья носит информационный характер и не является медицинской рекомендацией.</p>', NULL, NULL, NULL);
INSERT INTO blog_post_translations (id, post_id, locale, slug, title, excerpt, content_json, content_html, table_of_contents_json, faq_json, seo_meta_id) VALUES ('2d69fc91-055a-4bba-803e-354a3342c5bf', '8fc7bf36-e412-42e1-9c13-1748204ad7da', 'uk', 'trevoga-prichiny-i-simptomy', 'Тревога: причины, симптомы и когда стоит обратиться к специалисту', 'Симптомы и причины тревоги: как отличить норму от расстройства, почему возникает постоянное беспокойство и какие методы помогают вернуть спокойствие.', NULL, '<p>Тревога — нормальная реакция психики на угрозу. Проблема начинается тогда, когда тревога становится хронической: вы просыпаетесь уже с беспокойством, прокручиваете в голове страхи, а тело находится в постоянном напряжении. Такое состояние не просто мешает жить — оно разрушает здоровье.</p><p>Разберём, как отличить здоровую тревогу от проблемы, какие у неё истинные причины и что делать, если тревога взяла верх.</p><h2>Симптомы тревоги: как распознать</h2><p>Тревога проявляется на трёх уровнях: физическом (учащённое сердцебиение, поверхностное дыхание, напряжение в мышцах), эмоционально-когнитивном (постоянное беспокойство, ожидание худшего, раздражительность) и поведенческом (избегание, проверка действий, откладывание дел).</p><h2>Основные причины тревоги</h2><p>Биологические факторы: повышенная активность миндалевидного тела. Психологические причины: корни в детстве, непредсказуемая среда. Подсознательные конфликты: тревога может быть сигналом внутреннего конфликта.</p><p>Статья носит информационный характер и не является медицинской рекомендацией.</p>', NULL, NULL, NULL);
INSERT INTO blog_posts (id, category_id, author_id, status, cover_image_id, reading_minutes, published_at, scheduled_at, created_at, updated_at) VALUES ('4514212d-5379-4e59-84df-3f5339db7c74', '9e46b05c-83c0-45b3-b45b-4e14eea8319d', NULL, 'PUBLISHED', NULL, 9, '2026-04-02T00:00:00.000Z', NULL, '2026-07-09T09:27:42.515Z', '2026-07-09T09:27:42.515Z');
INSERT INTO blog_post_translations (id, post_id, locale, slug, title, excerpt, content_json, content_html, table_of_contents_json, faq_json, seo_meta_id) VALUES ('879754d3-f92f-4cff-9b2e-dc7f7c12fa27', '4514212d-5379-4e59-84df-3f5339db7c74', 'ru', 'kak-spravitsya-s-trevogoy', 'Как справиться с тревогой — 5 методов, которые реально работают', 'Как справиться с тревогой: 5 действенных методов от тревоги, основанных на психологии и гипнотерапии. Практические техники для ежедневного использования.', NULL, '<p>Тревога — один из самых частых запросов, с которыми ко мне приходят клиенты. "Головой понимаю, что повода нет, а тело всё равно реагирует страхом". Знакомо? Хорошая новость: с тревогой можно работать, и методы есть разные — от быстрых техник самопомощи до глубинной проработки причин.</p><p>В этой статье — 5 методов, которые реально помогают моим клиентам.</p><h2>1. Дыхание как якорь: техника "Квадрат"</h2><p>Вдох — 4 секунды. Задержка — 4 секунды. Выдох — 4 секунды. Задержка — 4 секунды. Эта техника переключает нервную систему с симпатической на парасимпатическую.</p><h2>2. Работа с телом: снятие мышечного напряжения</h2><p>Найдите в своём теле зоны напряжения: челюсть, плечи, диафрагма. Если убрать телесный компонент тревоги, эмоциональный снизится автоматически.</p><h2>3. "Заземление": верните себя в настоящее</h2><p>Техника 5-4-3-2-1: Назовите 5 вещей, которые видите, 4 — которые чувствуете телом, 3 — которые слышите, 2 — запах, 1 — вкус.</p><h2>4. Ведение дневника тревоги</h2><p>Записывать тревожные мысли в течение дня. Часто осознания достаточно, чтобы тревога снизилась на 30-40%.</p><h2>5. Работа с первопричиной через гипнотерапию</h2><p>Методы 1-4 помогают справляться с симптомами. Но если тревога возвращается снова и снова — есть глубинная причина. Гипнотерапия позволяет найти этот корень.</p><p>Статья носит информационный характер и не является медицинской рекомендацией.</p>', NULL, NULL, NULL);
INSERT INTO blog_post_translations (id, post_id, locale, slug, title, excerpt, content_json, content_html, table_of_contents_json, faq_json, seo_meta_id) VALUES ('c391cb66-0d5a-4caf-b0ba-ffaf029119ef', '4514212d-5379-4e59-84df-3f5339db7c74', 'uk', 'kak-spravitsya-s-trevogoy', 'Как справиться с тревогой — 5 методов, которые реально работают', 'Как справиться с тревогой: 5 действенных методов от тревоги, основанных на психологии и гипнотерапии. Практические техники для ежедневного использования.', NULL, '<p>Тревога — один из самых частых запросов, с которыми ко мне приходят клиенты. "Головой понимаю, что повода нет, а тело всё равно реагирует страхом". Знакомо? Хорошая новость: с тревогой можно работать, и методы есть разные — от быстрых техник самопомощи до глубинной проработки причин.</p><p>В этой статье — 5 методов, которые реально помогают моим клиентам.</p><h2>1. Дыхание как якорь: техника "Квадрат"</h2><p>Вдох — 4 секунды. Задержка — 4 секунды. Выдох — 4 секунды. Задержка — 4 секунды. Эта техника переключает нервную систему с симпатической на парасимпатическую.</p><h2>2. Работа с телом: снятие мышечного напряжения</h2><p>Найдите в своём теле зоны напряжения: челюсть, плечи, диафрагма. Если убрать телесный компонент тревоги, эмоциональный снизится автоматически.</p><h2>3. "Заземление": верните себя в настоящее</h2><p>Техника 5-4-3-2-1: Назовите 5 вещей, которые видите, 4 — которые чувствуете телом, 3 — которые слышите, 2 — запах, 1 — вкус.</p><h2>4. Ведение дневника тревоги</h2><p>Записывать тревожные мысли в течение дня. Часто осознания достаточно, чтобы тревога снизилась на 30-40%.</p><h2>5. Работа с первопричиной через гипнотерапию</h2><p>Методы 1-4 помогают справляться с симптомами. Но если тревога возвращается снова и снова — есть глубинная причина. Гипнотерапия позволяет найти этот корень.</p><p>Статья носит информационный характер и не является медицинской рекомендацией.</p>', NULL, NULL, NULL);
INSERT INTO blog_posts (id, category_id, author_id, status, cover_image_id, reading_minutes, published_at, scheduled_at, created_at, updated_at) VALUES ('d5d27a72-4c9b-4dc7-bca8-0d1e8147a194', '9e46b05c-83c0-45b3-b45b-4e14eea8319d', NULL, 'PUBLISHED', NULL, 10, '2026-05-09T00:00:00.000Z', NULL, '2026-07-09T09:27:42.515Z', '2026-07-09T09:27:42.515Z');
INSERT INTO blog_post_translations (id, post_id, locale, slug, title, excerpt, content_json, content_html, table_of_contents_json, faq_json, seo_meta_id) VALUES ('0e6b0dd7-26d3-4e50-a7b4-ec309d51102a', 'd5d27a72-4c9b-4dc7-bca8-0d1e8147a194', 'ru', 'panicheskiye-ataki-chto-delat', 'Панические атаки: что делать — первая помощь и лечение', 'Панические атаки: что делать во время приступа, техники первой помощи, причины и лечение панических атак через гипнотерапию.', NULL, '<p>Паническая атака — это внезапный приступ интенсивного страха, который сопровождается физическими симптомами: сердце колотится, не хватает воздуха, тело трясётся, кажется, что вы теряете контроль или умираете. Важно понимать: паническая атака не опасна физически.</p><h2>Что делать во время панической атаки: первая помощь</h2><p>1. Переключитесь на дыхание (вдох на 4 счёта, выдох на 8). 2. Заземлитесь. 3. Не боритесь — скажите себе: "Это просто паническая атака, она пройдёт". 4. Умойтесь холодной водой.</p><h2>Почему возникают панические атаки?</h2><p>Основные причины: подавленные эмоции, гиперконтроль, травматический опыт, внутренний конфликт. По моему опыту, гипнотерапия даёт отличные результаты при панических атаках.</p><p>Статья носит информационный характер и не является медицинской рекомендацией.</p>', NULL, NULL, NULL);
INSERT INTO blog_post_translations (id, post_id, locale, slug, title, excerpt, content_json, content_html, table_of_contents_json, faq_json, seo_meta_id) VALUES ('58482d2b-dc60-4270-b71f-4fe64c55cf04', 'd5d27a72-4c9b-4dc7-bca8-0d1e8147a194', 'uk', 'panicheskiye-ataki-chto-delat', 'Панические атаки: что делать — первая помощь и лечение', 'Панические атаки: что делать во время приступа, техники первой помощи, причины и лечение панических атак через гипнотерапию.', NULL, '<p>Паническая атака — это внезапный приступ интенсивного страха, который сопровождается физическими симптомами: сердце колотится, не хватает воздуха, тело трясётся, кажется, что вы теряете контроль или умираете. Важно понимать: паническая атака не опасна физически.</p><h2>Что делать во время панической атаки: первая помощь</h2><p>1. Переключитесь на дыхание (вдох на 4 счёта, выдох на 8). 2. Заземлитесь. 3. Не боритесь — скажите себе: "Это просто паническая атака, она пройдёт". 4. Умойтесь холодной водой.</p><h2>Почему возникают панические атаки?</h2><p>Основные причины: подавленные эмоции, гиперконтроль, травматический опыт, внутренний конфликт. По моему опыту, гипнотерапия даёт отличные результаты при панических атаках.</p><p>Статья носит информационный характер и не является медицинской рекомендацией.</p>', NULL, NULL, NULL);
INSERT INTO blog_posts (id, category_id, author_id, status, cover_image_id, reading_minutes, published_at, scheduled_at, created_at, updated_at) VALUES ('4c7f718a-ec9c-4770-889c-e61d46dbb31f', 'c3bf4ef4-53fc-4395-890f-1bc8af88d114', NULL, 'PUBLISHED', NULL, 10, '2026-05-19T00:00:00.000Z', NULL, '2026-07-09T09:27:42.515Z', '2026-07-09T09:27:42.515Z');
INSERT INTO blog_post_translations (id, post_id, locale, slug, title, excerpt, content_json, content_html, table_of_contents_json, faq_json, seo_meta_id) VALUES ('276109ed-cc72-46f6-a7da-e39fb842a7d6', '4c7f718a-ec9c-4770-889c-e61d46dbb31f', 'ru', 'chto-takoe-samosabotazh', 'Самосаботаж: что это такое и как проявляется в жизни', 'Самосаботаж — что это, как проявляется, почему вы откладываете важное и саботируете свои цели. Причины самосаботажа и методы работы через гипнотерапию.', NULL, '<p>Самосаботаж — это когда вы осознанно хотите достичь цели, но бессознательно делаете всё, чтобы её не достичь. Вы ставите задачу, но находите тысячу причин её не делать. Самосаботаж — одна из самых частых причин, по которым люди не достигают своих целей.</p><h2>Как проявляется самосаботаж?</h2><p>Прокрастинация, перфекционизм, срыв сроков, саботаж отношений, саботаж здоровья, синдром самозванца.</p><h2>Почему мы саботируем себя?</h2><p>Страх успеха, страх неудачи, внутреннее убеждение "я недостоин", травма прошлого, конфликт между "хочу" и "надо".</p><h2>Как работать с самосаботажем?</h2><p>1. Осознать паттерн. 2. Познакомиться с "внутренним саботажником". 3. Работа с подсознанием через гипнотерапию.</p><p>Статья носит информационный характер и не является медицинской рекомендацией.</p>', NULL, NULL, NULL);
INSERT INTO blog_post_translations (id, post_id, locale, slug, title, excerpt, content_json, content_html, table_of_contents_json, faq_json, seo_meta_id) VALUES ('53eb94b2-af94-41f8-8ff0-78760a68eda1', '4c7f718a-ec9c-4770-889c-e61d46dbb31f', 'uk', 'chto-takoe-samosabotazh', 'Самосаботаж: что это такое и как проявляется в жизни', 'Самосаботаж — что это, как проявляется, почему вы откладываете важное и саботируете свои цели. Причины самосаботажа и методы работы через гипнотерапию.', NULL, '<p>Самосаботаж — это когда вы осознанно хотите достичь цели, но бессознательно делаете всё, чтобы её не достичь. Вы ставите задачу, но находите тысячу причин её не делать. Самосаботаж — одна из самых частых причин, по которым люди не достигают своих целей.</p><h2>Как проявляется самосаботаж?</h2><p>Прокрастинация, перфекционизм, срыв сроков, саботаж отношений, саботаж здоровья, синдром самозванца.</p><h2>Почему мы саботируем себя?</h2><p>Страх успеха, страх неудачи, внутреннее убеждение "я недостоин", травма прошлого, конфликт между "хочу" и "надо".</p><h2>Как работать с самосаботажем?</h2><p>1. Осознать паттерн. 2. Познакомиться с "внутренним саботажником". 3. Работа с подсознанием через гипнотерапию.</p><p>Статья носит информационный характер и не является медицинской рекомендацией.</p>', NULL, NULL, NULL);
INSERT INTO blog_posts (id, category_id, author_id, status, cover_image_id, reading_minutes, published_at, scheduled_at, created_at, updated_at) VALUES ('54f37996-fda4-4bcb-84b9-87b3101ca4c1', 'c3bf4ef4-53fc-4395-890f-1bc8af88d114', NULL, 'PUBLISHED', NULL, 9, '2026-05-22T00:00:00.000Z', NULL, '2026-07-09T09:27:42.515Z', '2026-07-09T09:27:42.515Z');
INSERT INTO blog_post_translations (id, post_id, locale, slug, title, excerpt, content_json, content_html, table_of_contents_json, faq_json, seo_meta_id) VALUES ('595791b0-67ae-4547-a7e6-686242abe149', '54f37996-fda4-4bcb-84b9-87b3101ca4c1', 'ru', 'samosabotazh-prichiny', 'Причины самосаботажа: психология и роль подсознания', 'Глубинные причины самосаботажа: психология подсознания, внутренние конфликты, страх успеха и неудачи. Как гипнотерапия помогает убрать корень проблемы.', NULL, '<p>Почему мы саботируем то, что для нас важно? Ответ лежит в подсознании — там, где наши глубинные убеждения, страхи и конфликты управляют поведением без нашего ведома. В этой статье разберём основные причины самосаботажа на уровне подсознания.</p><h2>Страх успеха: парадокс самосаботажа</h2><p>Когда ваше сознание стремится к успеху, но подсознание его боится — возникает конфликт. Самосаботаж — это способ подсознания "защитить" вас от успеха.</p><h2>Внутренние убеждения из детства</h2><p>Большинство причин самосаботажа — из детства. Ваше подсознание впитало установки как истину. Конфликт между желанием и установкой называется самосаботажем.</p><p>Статья носит информационный характер и не является медицинской рекомендацией.</p>', NULL, NULL, NULL);
INSERT INTO blog_post_translations (id, post_id, locale, slug, title, excerpt, content_json, content_html, table_of_contents_json, faq_json, seo_meta_id) VALUES ('754c52ff-4b5c-4cf8-b101-d2b449ec5b43', '54f37996-fda4-4bcb-84b9-87b3101ca4c1', 'uk', 'samosabotazh-prichiny', 'Причины самосаботажа: психология и роль подсознания', 'Глубинные причины самосаботажа: психология подсознания, внутренние конфликты, страх успеха и неудачи. Как гипнотерапия помогает убрать корень проблемы.', NULL, '<p>Почему мы саботируем то, что для нас важно? Ответ лежит в подсознании — там, где наши глубинные убеждения, страхи и конфликты управляют поведением без нашего ведома. В этой статье разберём основные причины самосаботажа на уровне подсознания.</p><h2>Страх успеха: парадокс самосаботажа</h2><p>Когда ваше сознание стремится к успеху, но подсознание его боится — возникает конфликт. Самосаботаж — это способ подсознания "защитить" вас от успеха.</p><h2>Внутренние убеждения из детства</h2><p>Большинство причин самосаботажа — из детства. Ваше подсознание впитало установки как истину. Конфликт между желанием и установкой называется самосаботажем.</p><p>Статья носит информационный характер и не является медицинской рекомендацией.</p>', NULL, NULL, NULL);
INSERT INTO blog_posts (id, category_id, author_id, status, cover_image_id, reading_minutes, published_at, scheduled_at, created_at, updated_at) VALUES ('b10d1e77-34a5-4a27-a1dc-25d2be860266', '11111111-1111-1111-1111-111111111001', NULL, 'PUBLISHED', NULL, 10, '2026-05-13T00:00:00.000Z', NULL, '2026-07-09T09:27:42.515Z', '2026-07-09T09:27:42.515Z');
INSERT INTO blog_post_translations (id, post_id, locale, slug, title, excerpt, content_json, content_html, table_of_contents_json, faq_json, seo_meta_id) VALUES ('025f1a8e-0e0b-42ac-8283-4b0636d47e6c', 'b10d1e77-34a5-4a27-a1dc-25d2be860266', 'ru', 'emotsionalnoye-vygoraniye-simptomy', 'Эмоциональное выгорание: признаки, причины и как восстановиться', 'Признаки эмоционального выгорания: как распознать, чем отличается от усталости, причины выгорания и методы восстановления через гипнотерапию.', NULL, '<p>"Сил нет вообще" — эта фраза звучит от моих клиентов на каждой второй консультации. Не просто устал, а именно выгорел: когда энергия закончилась, интерес пропал, а чувство "надо" осталось. Эмоциональное выгорание — это синдром, вызванный длительным стрессом, который не получил разрядки.</p><h2>Признаки эмоционального выгорания</h2><p>Физические: хроническая усталость, сниженный иммунитет, головные боли. Эмоциональные: чувство опустошённости, потеря интереса, раздражительность, цинизм. Поведенческие: снижение продуктивности, избегание общения, прокрастинация.</p><h2>Чем выгорание отличается от обычной усталости?</h2><p>Усталость проходит после отдыха. Выгорание не проходит после сна или отпуска — его причина в длительном дисбалансе.</p><h2>Как восстановиться после выгорания?</h2><p>1. Отдых — не роскошь, а необходимость. 2. Верните контакт с телом. 3. Работа с причиной через гипнотерапию.</p><p>Статья носит информационный характер и не является медицинской рекомендацией.</p>', NULL, NULL, NULL);
INSERT INTO blog_post_translations (id, post_id, locale, slug, title, excerpt, content_json, content_html, table_of_contents_json, faq_json, seo_meta_id) VALUES ('672f3e2c-b4d5-4ee8-b34e-b70cba079c0b', 'b10d1e77-34a5-4a27-a1dc-25d2be860266', 'uk', 'emotsionalnoye-vygoraniye-simptomy', 'Эмоциональное выгорание: признаки, причины и как восстановиться', 'Признаки эмоционального выгорания: как распознать, чем отличается от усталости, причины выгорания и методы восстановления через гипнотерапию.', NULL, '<p>"Сил нет вообще" — эта фраза звучит от моих клиентов на каждой второй консультации. Не просто устал, а именно выгорел: когда энергия закончилась, интерес пропал, а чувство "надо" осталось. Эмоциональное выгорание — это синдром, вызванный длительным стрессом, который не получил разрядки.</p><h2>Признаки эмоционального выгорания</h2><p>Физические: хроническая усталость, сниженный иммунитет, головные боли. Эмоциональные: чувство опустошённости, потеря интереса, раздражительность, цинизм. Поведенческие: снижение продуктивности, избегание общения, прокрастинация.</p><h2>Чем выгорание отличается от обычной усталости?</h2><p>Усталость проходит после отдыха. Выгорание не проходит после сна или отпуска — его причина в длительном дисбалансе.</p><h2>Как восстановиться после выгорания?</h2><p>1. Отдых — не роскошь, а необходимость. 2. Верните контакт с телом. 3. Работа с причиной через гипнотерапию.</p><p>Статья носит информационный характер и не является медицинской рекомендацией.</p>', NULL, NULL, NULL);
INSERT INTO blog_posts (id, category_id, author_id, status, cover_image_id, reading_minutes, published_at, scheduled_at, created_at, updated_at) VALUES ('12f5d01b-eb20-4b54-9321-a3928f43e37b', 'c3bf4ef4-53fc-4395-890f-1bc8af88d114', NULL, 'PUBLISHED', NULL, 9, '2026-05-30T00:00:00.000Z', NULL, '2026-07-09T09:27:42.515Z', '2026-07-09T09:27:42.515Z');
INSERT INTO blog_post_translations (id, post_id, locale, slug, title, excerpt, content_json, content_html, table_of_contents_json, faq_json, seo_meta_id) VALUES ('ea4b2d42-2517-455c-b0b8-958b149c8dca', '12f5d01b-eb20-4b54-9321-a3928f43e37b', 'ru', 'vnutrenniy-kritik', 'Внутренний критик: психология, влияние на самооценку и как его приручить', 'Внутренний критик в психологии — откуда берётся, как влияет на самооценку и жизнь. Техники работы с критиком и помощь гипнотерапии.', NULL, '<p>Внутренний критик — это голос внутри, который оценивает, критикует, обесценивает: "Ты недостаточно хорош", "У тебя не получится", "Стыдно так плохо делать". Для многих этот голос звучит так часто, что они перестали его замечать.</p><h2>Откуда берётся внутренний критик?</h2><p>Внутренний критик формируется в детстве как результат интроекции. Если ребёнка часто критиковали, сравнивали с другими — его психика создала защитный механизм.</p><h2>Как внутренний критик влияет на жизнь?</h2><p>Самооценка, синдром самозванца, прокрастинация, тревога, отношения.</p><h2>Приручение внутреннего критика: первые шаги</h2><p>1. Заметьте его. 2. Познакомьтесь с ним. 3. Отделите факты от интерпретации. 4. Практикуйте самосострадание.</p><p>Статья носит информационный характер и не является медицинской рекомендацией.</p>', NULL, NULL, NULL);
INSERT INTO blog_post_translations (id, post_id, locale, slug, title, excerpt, content_json, content_html, table_of_contents_json, faq_json, seo_meta_id) VALUES ('ceccd687-62cf-4f53-b826-74aa022c1f68', '12f5d01b-eb20-4b54-9321-a3928f43e37b', 'uk', 'vnutrenniy-kritik', 'Внутренний критик: психология, влияние на самооценку и как его приручить', 'Внутренний критик в психологии — откуда берётся, как влияет на самооценку и жизнь. Техники работы с критиком и помощь гипнотерапии.', NULL, '<p>Внутренний критик — это голос внутри, который оценивает, критикует, обесценивает: "Ты недостаточно хорош", "У тебя не получится", "Стыдно так плохо делать". Для многих этот голос звучит так часто, что они перестали его замечать.</p><h2>Откуда берётся внутренний критик?</h2><p>Внутренний критик формируется в детстве как результат интроекции. Если ребёнка часто критиковали, сравнивали с другими — его психика создала защитный механизм.</p><h2>Как внутренний критик влияет на жизнь?</h2><p>Самооценка, синдром самозванца, прокрастинация, тревога, отношения.</p><h2>Приручение внутреннего критика: первые шаги</h2><p>1. Заметьте его. 2. Познакомьтесь с ним. 3. Отделите факты от интерпретации. 4. Практикуйте самосострадание.</p><p>Статья носит информационный характер и не является медицинской рекомендацией.</p>', NULL, NULL, NULL);
INSERT INTO blog_posts (id, category_id, author_id, status, cover_image_id, reading_minutes, published_at, scheduled_at, created_at, updated_at) VALUES ('d9e9f23e-dcb8-41b4-9f94-7de54436909d', '889596c9-9768-4493-a357-31f6df43f607', NULL, 'PUBLISHED', NULL, 10, '2026-01-30T00:00:00.000Z', NULL, '2026-07-09T09:27:42.515Z', '2026-07-09T09:27:42.515Z');
INSERT INTO blog_post_translations (id, post_id, locale, slug, title, excerpt, content_json, content_html, table_of_contents_json, faq_json, seo_meta_id) VALUES ('85786198-407b-49a9-81e8-da3524d4c125', 'd9e9f23e-dcb8-41b4-9f94-7de54436909d', 'ru', 'podavlennyye-emotsii', 'Подавленные эмоции: последствия для психики и тела', 'Подавленные эмоции и их последствия: как подавление чувств влияет на психику, тело и поведение. Психосоматика, тревога, выгорание — и как гипнотерапия помогает.', NULL, '<p>"Не плачь", "Не злись", "Возьми себя в руки" — многие из нас выросли с посланием, что некоторые эмоции нужно подавлять. Проблема в том, что подавленная эмоция никуда не девается. Она остаётся в теле, в подсознании и продолжает влиять на жизнь.</p><h2>Последствия подавления эмоций</h2><p>Психосоматика (тело берёт на себя то, что психика не смогла переработать), тревога и панические атаки, эмоциональные "взрывы", депрессия и апатия.</p><h2>Как работать с подавленными эмоциями?</h2><p>1. Создать безопасное пространство. 2. Через тело. 3. Через подсознание — в гипнотерапии.</p><p>Статья носит информационный характер и не является медицинской рекомендацией.</p>', NULL, NULL, NULL);
INSERT INTO blog_post_translations (id, post_id, locale, slug, title, excerpt, content_json, content_html, table_of_contents_json, faq_json, seo_meta_id) VALUES ('665a7a24-cb3a-4d87-aa0d-38c34279c6d2', 'd9e9f23e-dcb8-41b4-9f94-7de54436909d', 'uk', 'podavlennyye-emotsii', 'Подавленные эмоции: последствия для психики и тела', 'Подавленные эмоции и их последствия: как подавление чувств влияет на психику, тело и поведение. Психосоматика, тревога, выгорание — и как гипнотерапия помогает.', NULL, '<p>"Не плачь", "Не злись", "Возьми себя в руки" — многие из нас выросли с посланием, что некоторые эмоции нужно подавлять. Проблема в том, что подавленная эмоция никуда не девается. Она остаётся в теле, в подсознании и продолжает влиять на жизнь.</p><h2>Последствия подавления эмоций</h2><p>Психосоматика (тело берёт на себя то, что психика не смогла переработать), тревога и панические атаки, эмоциональные "взрывы", депрессия и апатия.</p><h2>Как работать с подавленными эмоциями?</h2><p>1. Создать безопасное пространство. 2. Через тело. 3. Через подсознание — в гипнотерапии.</p><p>Статья носит информационный характер и не является медицинской рекомендацией.</p>', NULL, NULL, NULL);
INSERT INTO blog_posts (id, category_id, author_id, status, cover_image_id, reading_minutes, published_at, scheduled_at, created_at, updated_at) VALUES ('e423f834-85d5-444f-b339-4ad23103ffeb', '11111111-1111-1111-1111-111111111002', NULL, 'PUBLISHED', NULL, 10, '2026-05-10T00:00:00.000Z', NULL, '2026-07-09T09:27:42.515Z', '2026-07-09T09:27:42.515Z');
INSERT INTO blog_post_translations (id, post_id, locale, slug, title, excerpt, content_json, content_html, table_of_contents_json, faq_json, seo_meta_id) VALUES ('102cd41c-322b-410f-8323-e48d9815f465', 'e423f834-85d5-444f-b339-4ad23103ffeb', 'ru', 'eksistentsialnyy-krizis', 'Экзистенциальный кризис: что это и как найти опору', 'Экзистенциальный кризис — потеря смысла жизни, "кто я", кризис самоопределения. Причины, симптомы и как гипнотерапия помогает найти внутреннюю опору.', NULL, '<p>"Вроде всё есть, а радости нет", "Я не понимаю, куда мне двигаться", "Кажется, я живу не свою жизнь" — это голос экзистенциального кризиса. Экзистенциальный кризис — это не болезнь и не расстройство. Это естественный этап развития личности.</p><h2>Признаки экзистенциального кризиса</h2><p>Ощущение пустоты, вопросы "зачем?", потеря интереса, чувство что вы "идёте не по тому пути", тревога о времени, желание всё изменить.</p><h2>Что делать во время кризиса?</h2><p>1. Не избегать. 2. Искать не ответы, а вопросы. 3. Вернуться в тело. 4. Обратиться за поддержкой.</p><p>Статья носит информационный характер и не является медицинской рекомендацией.</p>', NULL, NULL, NULL);
INSERT INTO blog_post_translations (id, post_id, locale, slug, title, excerpt, content_json, content_html, table_of_contents_json, faq_json, seo_meta_id) VALUES ('a88ca204-fb78-4408-9745-b566d6668795', 'e423f834-85d5-444f-b339-4ad23103ffeb', 'uk', 'eksistentsialnyy-krizis', 'Экзистенциальный кризис: что это и как найти опору', 'Экзистенциальный кризис — потеря смысла жизни, "кто я", кризис самоопределения. Причины, симптомы и как гипнотерапия помогает найти внутреннюю опору.', NULL, '<p>"Вроде всё есть, а радости нет", "Я не понимаю, куда мне двигаться", "Кажется, я живу не свою жизнь" — это голос экзистенциального кризиса. Экзистенциальный кризис — это не болезнь и не расстройство. Это естественный этап развития личности.</p><h2>Признаки экзистенциального кризиса</h2><p>Ощущение пустоты, вопросы "зачем?", потеря интереса, чувство что вы "идёте не по тому пути", тревога о времени, желание всё изменить.</p><h2>Что делать во время кризиса?</h2><p>1. Не избегать. 2. Искать не ответы, а вопросы. 3. Вернуться в тело. 4. Обратиться за поддержкой.</p><p>Статья носит информационный характер и не является медицинской рекомендацией.</p>', NULL, NULL, NULL);
INSERT INTO blog_posts (id, category_id, author_id, status, cover_image_id, reading_minutes, published_at, scheduled_at, created_at, updated_at) VALUES ('a52468c8-7a8a-49b5-98bd-1b1a94e371ca', '83253037-5f33-4c76-9f00-511225131426', NULL, 'PUBLISHED', NULL, 8, '2026-05-25T00:00:00.000Z', NULL, '2026-07-09T09:27:42.515Z', '2026-07-09T09:27:42.515Z');
INSERT INTO blog_post_translations (id, post_id, locale, slug, title, excerpt, content_json, content_html, table_of_contents_json, faq_json, seo_meta_id) VALUES ('cbff5f30-ccba-4adf-84e1-f30a948ba609', 'a52468c8-7a8a-49b5-98bd-1b1a94e371ca', 'ru', 'gipnoterapiya-onlayn-kak-prokhodit', 'Онлайн-гипноз: как проходит сессия, безопасность и эффективность', 'Онлайн-гипноз: как проходит сессия гипнотерапии через видеосвязь, безопасность, эффективность по исследованиям, что нужно для сессии.', NULL, '<p>"Работает ли гипноз через экран?" — один из самых частых вопросов. Интуитивно кажется, что для гипноза нужно присутствие "вживую". Но исследования и многолетняя практика говорят об обратном.</p><h2>Как проходит онлайн-сессия гипнотерапии?</h2><p>1. Подготовка (тихое место, 60 минут). 2. Обсуждение запроса (10-15 мин). 3. Наведение транса (5-10 мин). 4. Трансовая работа (25-35 мин). 5. Выход из транса (3-5 мин).</p><h2>Безопасен ли онлайн-гипноз?</h2><p>Да. Вы контролируете процесс, находитесь в безопасной среде, сессии через защищённые каналы.</p><h2>Эффективность: что говорят исследования?</h2><p>Онлайн-гипнотерапия не уступает очной по эффективности. Глубина транса, скорость работы, устойчивость результата — всё сопоставимо.</p><p>Статья носит информационный характер и не является медицинской рекомендацией.</p>', NULL, NULL, NULL);
INSERT INTO blog_post_translations (id, post_id, locale, slug, title, excerpt, content_json, content_html, table_of_contents_json, faq_json, seo_meta_id) VALUES ('c5fc4abd-eda5-41c5-97fd-fce58dddf8d2', 'a52468c8-7a8a-49b5-98bd-1b1a94e371ca', 'uk', 'gipnoterapiya-onlayn-kak-prokhodit', 'Онлайн-гипноз: как проходит сессия, безопасность и эффективность', 'Онлайн-гипноз: как проходит сессия гипнотерапии через видеосвязь, безопасность, эффективность по исследованиям, что нужно для сессии.', NULL, '<p>"Работает ли гипноз через экран?" — один из самых частых вопросов. Интуитивно кажется, что для гипноза нужно присутствие "вживую". Но исследования и многолетняя практика говорят об обратном.</p><h2>Как проходит онлайн-сессия гипнотерапии?</h2><p>1. Подготовка (тихое место, 60 минут). 2. Обсуждение запроса (10-15 мин). 3. Наведение транса (5-10 мин). 4. Трансовая работа (25-35 мин). 5. Выход из транса (3-5 мин).</p><h2>Безопасен ли онлайн-гипноз?</h2><p>Да. Вы контролируете процесс, находитесь в безопасной среде, сессии через защищённые каналы.</p><h2>Эффективность: что говорят исследования?</h2><p>Онлайн-гипнотерапия не уступает очной по эффективности. Глубина транса, скорость работы, устойчивость результата — всё сопоставимо.</p><p>Статья носит информационный характер и не является медицинской рекомендацией.</p>', NULL, NULL, NULL);
INSERT INTO blog_posts (id, category_id, author_id, status, cover_image_id, reading_minutes, published_at, scheduled_at, created_at, updated_at) VALUES ('966e891e-76b6-4e3a-9f18-edca4afb5a93', '0a038302-e133-43bf-8520-8a3924a262fa', NULL, 'PUBLISHED', NULL, 10, '2026-04-01T00:00:00.000Z', NULL, '2026-07-09T09:27:42.515Z', '2026-07-09T09:27:42.515Z');
INSERT INTO blog_post_translations (id, post_id, locale, slug, title, excerpt, content_json, content_html, table_of_contents_json, faq_json, seo_meta_id) VALUES ('00331f67-5695-42b2-8315-950498ff7eb5', '966e891e-76b6-4e3a-9f18-edca4afb5a93', 'ru', 'priznaki-gadzhet-zavisimosti', 'Как понять, что у вас зависимость от телефона — 10 признаков', 'Гаджетозависимость: 10 признаков, что телефон управляет вашей жизнью. Как отличить привычку от зависимости, симптомы номофобии, думскроллинга и FOMO.', NULL, '<p>Вы берёте телефон в руки, чтобы проверить одно сообщение, — и обнаруживаете себя через час в ленте. Вы ложитесь спать в 11 вечера, но "ещё пять минут" превращаются в час. Знакомо?</p><h2>10 признаков гаджетозависимости</h2><p>1. Проверка телефона без причины. 2. Тревога без телефона (номофобия). 3. Думскроллинг. 4. FOMO. 5. Телефон — первое утром и последнее вечером. 6. Потеря времени. 7. Мешает работе. 8. Снижение живого общения. 9. Срывы при попытках ограничить. 10. Физические симптомы.</p><p>Статья носит информационный характер и не является медицинской рекомендацией.</p>', NULL, NULL, NULL);
INSERT INTO blog_post_translations (id, post_id, locale, slug, title, excerpt, content_json, content_html, table_of_contents_json, faq_json, seo_meta_id) VALUES ('c2abd0a5-30af-42a2-a3d4-ca15e656b058', '966e891e-76b6-4e3a-9f18-edca4afb5a93', 'uk', 'priznaki-gadzhet-zavisimosti', 'Как понять, что у вас зависимость от телефона — 10 признаков', 'Гаджетозависимость: 10 признаков, что телефон управляет вашей жизнью. Как отличить привычку от зависимости, симптомы номофобии, думскроллинга и FOMO.', NULL, '<p>Вы берёте телефон в руки, чтобы проверить одно сообщение, — и обнаруживаете себя через час в ленте. Вы ложитесь спать в 11 вечера, но "ещё пять минут" превращаются в час. Знакомо?</p><h2>10 признаков гаджетозависимости</h2><p>1. Проверка телефона без причины. 2. Тревога без телефона (номофобия). 3. Думскроллинг. 4. FOMO. 5. Телефон — первое утром и последнее вечером. 6. Потеря времени. 7. Мешает работе. 8. Снижение живого общения. 9. Срывы при попытках ограничить. 10. Физические симптомы.</p><p>Статья носит информационный характер и не является медицинской рекомендацией.</p>', NULL, NULL, NULL);
INSERT INTO blog_posts (id, category_id, author_id, status, cover_image_id, reading_minutes, published_at, scheduled_at, created_at, updated_at) VALUES ('c50c1019-a610-4104-b2dc-b3a2cb618952', '0a038302-e133-43bf-8520-8a3924a262fa', NULL, 'PUBLISHED', NULL, 12, '2026-06-01T00:00:00.000Z', NULL, '2026-07-09T09:27:42.515Z', '2026-07-09T09:27:42.515Z');
INSERT INTO blog_post_translations (id, post_id, locale, slug, title, excerpt, content_json, content_html, table_of_contents_json, faq_json, seo_meta_id) VALUES ('7a35290f-0c23-4555-b197-4d2f13638ad0', 'c50c1019-a610-4104-b2dc-b3a2cb618952', 'ru', 'tsifrovoy-detoks-poshagovoe-rukovodstvo', 'Цифровой детокс: пошаговое руководство по очищению от гаджетов', 'Пошаговое руководство по цифровому детоксу: как провести день без телефона, правила цифровой гигиены, приложения-помощники и как закрепить результат.', NULL, '<p>Среднестатистический человек проводит в телефоне 5-7 часов в день. Цифровой детокс — это осознанное ограничение использования цифровых устройств на определённый период.</p><h2>Шаг 1. Аудит: сколько времени вы реально проводите в телефоне</h2><p>Включите экранное время и посмотрите статистику за неделю.</p><h2>Шаг 2. Подготовка окружения</h2><p>Удалите приложения-пожиратели времени, отключите уведомления, включите чёрно-белый режим, уберите телефон из спальни.</p><h2>Шаг 3. Детокс-день: 24 часа без телефона</h2><p>Выберите один день для полного отключения от цифрового мира.</p><h2>Шаг 4. Правила цифровой гигиены</h2><p>Правило 20-20-20, без телефона за столом, час до сна без экрана.</p><h2>Шаг 5. Работа с глубинными причинами</h2><p>Если срываетесь снова и снова — причина не в силе воли. Гипнотерапия убирает внутреннюю тягу к экрану.</p><p>Статья носит информационный характер и не является медицинской рекомендацией.</p>', NULL, NULL, NULL);
INSERT INTO blog_post_translations (id, post_id, locale, slug, title, excerpt, content_json, content_html, table_of_contents_json, faq_json, seo_meta_id) VALUES ('0c0084e1-67ec-4a81-bc4f-4656105e0b83', 'c50c1019-a610-4104-b2dc-b3a2cb618952', 'uk', 'tsifrovoy-detoks-poshagovoe-rukovodstvo', 'Цифровой детокс: пошаговое руководство по очищению от гаджетов', 'Пошаговое руководство по цифровому детоксу: как провести день без телефона, правила цифровой гигиены, приложения-помощники и как закрепить результат.', NULL, '<p>Среднестатистический человек проводит в телефоне 5-7 часов в день. Цифровой детокс — это осознанное ограничение использования цифровых устройств на определённый период.</p><h2>Шаг 1. Аудит: сколько времени вы реально проводите в телефоне</h2><p>Включите экранное время и посмотрите статистику за неделю.</p><h2>Шаг 2. Подготовка окружения</h2><p>Удалите приложения-пожиратели времени, отключите уведомления, включите чёрно-белый режим, уберите телефон из спальни.</p><h2>Шаг 3. Детокс-день: 24 часа без телефона</h2><p>Выберите один день для полного отключения от цифрового мира.</p><h2>Шаг 4. Правила цифровой гигиены</h2><p>Правило 20-20-20, без телефона за столом, час до сна без экрана.</p><h2>Шаг 5. Работа с глубинными причинами</h2><p>Если срываетесь снова и снова — причина не в силе воли. Гипнотерапия убирает внутреннюю тягу к экрану.</p><p>Статья носит информационный характер и не является медицинской рекомендацией.</p>', NULL, NULL, NULL);
INSERT INTO blog_posts (id, category_id, author_id, status, cover_image_id, reading_minutes, published_at, scheduled_at, created_at, updated_at) VALUES ('d52d71e1-0963-4441-9f6e-c9ad78d5dde5', '889596c9-9768-4493-a357-31f6df43f607', NULL, 'PUBLISHED', NULL, 12, '2026-04-18T00:00:00.000Z', NULL, '2026-07-09T09:27:42.515Z', '2026-07-09T09:27:42.515Z');
INSERT INTO blog_post_translations (id, post_id, locale, slug, title, excerpt, content_json, content_html, table_of_contents_json, faq_json, seo_meta_id) VALUES ('0df15c0c-ec6a-4fd3-8b97-502b8a6a65b8', 'd52d71e1-0963-4441-9f6e-c9ad78d5dde5', 'ru', 'net-sil-chto-delat', 'Нет сил — что делать? Психосоматика усталости и как вернуть энергию', 'Что делать, если постоянно нет сил, апатия и ничего не хочется: разбор глубинных психологических причин хронической усталости.', NULL, '<p>Вы спите по 8-10 часов, пьёте витамины, сдали все анализы, и врачи говорят, что вы здоровы, но утром вы всё равно просыпаетесь уставшим. Обычный совет "просто отдохни" не работает.</p><h2>Куда уходит жизненная энергия: 4 главные подсознательные причины</h2><p>1. Внутренний конфликт и самосаботаж. 2. Подавленные эмоции. 3. Хроническая тревога и гиперконтроль. 4. Синдром выученной беспомощности.</p><h2>Как вернуть силы: пошаговый план</h2><p>Проведите аудит "сверхконтроля", разрешите себе легальный "ноль", найдите скрытую выгоду от усталости. Если корень проблемы глубоко — гипнотерапия помогает.</p><p>Статья носит информационный характер и не является медицинской рекомендацией.</p>', NULL, NULL, NULL);
INSERT INTO blog_post_translations (id, post_id, locale, slug, title, excerpt, content_json, content_html, table_of_contents_json, faq_json, seo_meta_id) VALUES ('9e0b7384-de97-48ce-81ef-b788c64c739a', 'd52d71e1-0963-4441-9f6e-c9ad78d5dde5', 'uk', 'net-sil-chto-delat', 'Нет сил — что делать? Психосоматика усталости и как вернуть энергию', 'Что делать, если постоянно нет сил, апатия и ничего не хочется: разбор глубинных психологических причин хронической усталости.', NULL, '<p>Вы спите по 8-10 часов, пьёте витамины, сдали все анализы, и врачи говорят, что вы здоровы, но утром вы всё равно просыпаетесь уставшим. Обычный совет "просто отдохни" не работает.</p><h2>Куда уходит жизненная энергия: 4 главные подсознательные причины</h2><p>1. Внутренний конфликт и самосаботаж. 2. Подавленные эмоции. 3. Хроническая тревога и гиперконтроль. 4. Синдром выученной беспомощности.</p><h2>Как вернуть силы: пошаговый план</h2><p>Проведите аудит "сверхконтроля", разрешите себе легальный "ноль", найдите скрытую выгоду от усталости. Если корень проблемы глубоко — гипнотерапия помогает.</p><p>Статья носит информационный характер и не является медицинской рекомендацией.</p>', NULL, NULL, NULL);
INSERT INTO blog_posts (id, category_id, author_id, status, cover_image_id, reading_minutes, published_at, scheduled_at, created_at, updated_at) VALUES ('f344e86c-f2c6-4cb2-b4dc-9b06d6df9460', '889596c9-9768-4493-a357-31f6df43f607', NULL, 'PUBLISHED', NULL, 14, '2026-06-07T00:00:00.000Z', NULL, '2026-07-09T09:27:42.515Z', '2026-07-09T09:27:42.515Z');
INSERT INTO blog_post_translations (id, post_id, locale, slug, title, excerpt, content_json, content_html, table_of_contents_json, faq_json, seo_meta_id) VALUES ('85fddc90-985b-43e0-84ac-d67dfeb802ec', 'f344e86c-f2c6-4cb2-b4dc-9b06d6df9460', 'ru', 'vliyanie-pesen-na-podsoznanie', 'Влияние песен на подсознание: как музыка меняет наши мысли, эмоции и поведение', 'Как музыка и песни влияют на подсознание: нейрофизиология восприятия, влияние частот и ритмов, почему одни песни вызывают мурашки, а другие — тревогу.', NULL, '<p>Вы когда-нибудь замечали, как одна песня может мгновенно изменить ваше состояние? Это не магия. Это прямое действие музыки на ваше подсознание. Звук — единственный сенсорный канал, который обрабатывается мозгом до того, как сознание успевает включить фильтр критики.</p><h2>Почему музыка минует сознание и идёт прямо в подсознание?</h2><p>Слух — единственное чувство, которое не имеет "выключателя". Информация о звуке поступает в таламус и лимбическую систему за 8-10 миллисекунд. Это значит, что музыка воздействует на ваши эмоции до того, как вы это осознаёте.</p><h2>Как именно песни влияют на подсознание: 4 ключевых механизма</h2><p>1. Частота и вибрация — настройка мозга. 2. Ритм — синхронизация тела и психики. 3. Мелодия и гармония — язык эмоций. 4. Текст — прямое внушение.</p><p>В своей практике я часто использую музыку как вспомогательный инструмент в гипнотерапии.</p><p>Статья носит информационный характер и не является медицинской рекомендацией.</p>', NULL, NULL, NULL);
INSERT INTO blog_post_translations (id, post_id, locale, slug, title, excerpt, content_json, content_html, table_of_contents_json, faq_json, seo_meta_id) VALUES ('e9d2db2c-2345-4fa5-9bd1-b05c165c9cf8', 'f344e86c-f2c6-4cb2-b4dc-9b06d6df9460', 'uk', 'vliyanie-pesen-na-podsoznanie', 'Влияние песен на подсознание: как музыка меняет наши мысли, эмоции и поведение', 'Как музыка и песни влияют на подсознание: нейрофизиология восприятия, влияние частот и ритмов, почему одни песни вызывают мурашки, а другие — тревогу.', NULL, '<p>Вы когда-нибудь замечали, как одна песня может мгновенно изменить ваше состояние? Это не магия. Это прямое действие музыки на ваше подсознание. Звук — единственный сенсорный канал, который обрабатывается мозгом до того, как сознание успевает включить фильтр критики.</p><h2>Почему музыка минует сознание и идёт прямо в подсознание?</h2><p>Слух — единственное чувство, которое не имеет "выключателя". Информация о звуке поступает в таламус и лимбическую систему за 8-10 миллисекунд. Это значит, что музыка воздействует на ваши эмоции до того, как вы это осознаёте.</p><h2>Как именно песни влияют на подсознание: 4 ключевых механизма</h2><p>1. Частота и вибрация — настройка мозга. 2. Ритм — синхронизация тела и психики. 3. Мелодия и гармония — язык эмоций. 4. Текст — прямое внушение.</p><p>В своей практике я часто использую музыку как вспомогательный инструмент в гипнотерапии.</p><p>Статья носит информационный характер и не является медицинской рекомендацией.</p>', NULL, NULL, NULL);
INSERT INTO blog_posts (id, category_id, author_id, status, cover_image_id, reading_minutes, published_at, scheduled_at, created_at, updated_at) VALUES ('02747b13-e167-425b-bd72-9dde29978640', '0a038302-e133-43bf-8520-8a3924a262fa', NULL, 'PUBLISHED', NULL, 11, '2026-02-01T00:00:00.000Z', NULL, '2026-07-09T09:27:42.515Z', '2026-07-09T09:27:42.515Z');
INSERT INTO blog_post_translations (id, post_id, locale, slug, title, excerpt, content_json, content_html, table_of_contents_json, faq_json, seo_meta_id) VALUES ('87ac4db6-8d5a-4efd-b129-fa387579cd3c', '02747b13-e167-425b-bd72-9dde29978640', 'ru', 'detskaya-gadzhet-zavisimost', 'Ребёнок постоянно в телефоне: что делать родителям — советы психолога', 'Ребёнок постоянно в телефоне — что делать? Нормы экранного времени для детей, признаки зависимости, практические советы психолога и когда нужна помощь специалиста.', NULL, '<p>"Сын просыпается — сразу берёт телефон. Ест — с телефоном. Делает уроки — телефон лежит рядом. Мы пробовали забирать, ругаться, наказывать — ничего не работает." Это описание — не единичный случай. Ко мне приходят родители с этим запросом всё чаще.</p><h2>Почему дети "подсаживаются" на телефон?</h2><p>Нейрофизиологические причины: мозг ребёнка особенно чувствителен к дофамину. Психологические: телефон становится убежищем от проблем.</p><h2>Что делать: пошаговая стратегия для родителей</h2><p>1. Не запрещать — договариваться. 2. Заменить, а не отобрать. 3. Быть примером. 4. Создать "зоны без телефона". 5. Использовать родительский контроль с умом. 6. Разобраться с причиной.</p><p>Статья носит информационный характер и не является медицинской рекомендацией.</p>', NULL, NULL, NULL);
INSERT INTO blog_post_translations (id, post_id, locale, slug, title, excerpt, content_json, content_html, table_of_contents_json, faq_json, seo_meta_id) VALUES ('760277cb-7b3b-4879-8eb6-f115700ac47c', '02747b13-e167-425b-bd72-9dde29978640', 'uk', 'detskaya-gadzhet-zavisimost', 'Ребёнок постоянно в телефоне: что делать родителям — советы психолога', 'Ребёнок постоянно в телефоне — что делать? Нормы экранного времени для детей, признаки зависимости, практические советы психолога и когда нужна помощь специалиста.', NULL, '<p>"Сын просыпается — сразу берёт телефон. Ест — с телефоном. Делает уроки — телефон лежит рядом. Мы пробовали забирать, ругаться, наказывать — ничего не работает." Это описание — не единичный случай. Ко мне приходят родители с этим запросом всё чаще.</p><h2>Почему дети "подсаживаются" на телефон?</h2><p>Нейрофизиологические причины: мозг ребёнка особенно чувствителен к дофамину. Психологические: телефон становится убежищем от проблем.</p><h2>Что делать: пошаговая стратегия для родителей</h2><p>1. Не запрещать — договариваться. 2. Заменить, а не отобрать. 3. Быть примером. 4. Создать "зоны без телефона". 5. Использовать родительский контроль с умом. 6. Разобраться с причиной.</p><p>Статья носит информационный характер и не является медицинской рекомендацией.</p>', NULL, NULL, NULL);
INSERT INTO blog_posts (id, category_id, author_id, status, cover_image_id, reading_minutes, published_at, scheduled_at, created_at, updated_at) VALUES ('416aceca-de93-4cf5-835f-a6b4fa0d965a', '889596c9-9768-4493-a357-31f6df43f607', NULL, 'PUBLISHED', NULL, 13, '2026-06-03T00:00:00.000Z', NULL, '2026-07-09T09:27:42.515Z', '2026-07-09T09:27:42.515Z');
INSERT INTO blog_post_translations (id, post_id, locale, slug, title, excerpt, content_json, content_html, table_of_contents_json, faq_json, seo_meta_id) VALUES ('a8bf8c90-8929-4287-a995-2d3325b5cb31', '416aceca-de93-4cf5-835f-a6b4fa0d965a', 'ru', 'postoyannaya-ustalost-prichiny', 'Постоянная усталость: подсознательные причины и как от них избавиться', 'Почему постоянная усталость не проходит даже после отдыха: психосоматические и подсознательные причины. Как гипнотерапия помогает восстановить энергию.', NULL, '<p>Вы высыпаетесь, берёте выходной, едете в отпуск — а усталость никуда не исчезает. Постоянная усталость, которая не проходит после отдыха, — это сигнал подсознания о накопленных конфликтах, подавленных эмоциях и разрушительных убеждениях.</p><h2>5 подсознательных причин постоянной усталости</h2><p>1. Хронический стресс в фоновом режиме. 2. Подавленные эмоции. 3. Деструктивные убеждения. 4. Незавершённые внутренние конфликты. 5. Скрытая вторичная выгода от усталости.</p><h2>Как гипнотерапия работает с причинами хронической усталости</h2><p>В гипнотерапии мы находим и нейтрализуем внутренний конфликт, проживаем и выпускаем заблокированные эмоции, перепрограммируем установки выученной беспомощности.</p><p>Статья носит информационный характер и не является медицинской рекомендацией.</p>', NULL, NULL, NULL);
INSERT INTO blog_post_translations (id, post_id, locale, slug, title, excerpt, content_json, content_html, table_of_contents_json, faq_json, seo_meta_id) VALUES ('f9c4b22a-b1e7-46f5-a8c5-83f5c969ae9c', '416aceca-de93-4cf5-835f-a6b4fa0d965a', 'uk', 'postoyannaya-ustalost-prichiny', 'Постоянная усталость: подсознательные причины и как от них избавиться', 'Почему постоянная усталость не проходит даже после отдыха: психосоматические и подсознательные причины. Как гипнотерапия помогает восстановить энергию.', NULL, '<p>Вы высыпаетесь, берёте выходной, едете в отпуск — а усталость никуда не исчезает. Постоянная усталость, которая не проходит после отдыха, — это сигнал подсознания о накопленных конфликтах, подавленных эмоциях и разрушительных убеждениях.</p><h2>5 подсознательных причин постоянной усталости</h2><p>1. Хронический стресс в фоновом режиме. 2. Подавленные эмоции. 3. Деструктивные убеждения. 4. Незавершённые внутренние конфликты. 5. Скрытая вторичная выгода от усталости.</p><h2>Как гипнотерапия работает с причинами хронической усталости</h2><p>В гипнотерапии мы находим и нейтрализуем внутренний конфликт, проживаем и выпускаем заблокированные эмоции, перепрограммируем установки выученной беспомощности.</p><p>Статья носит информационный характер и не является медицинской рекомендацией.</p>', NULL, NULL, NULL);
INSERT INTO blog_posts (id, category_id, author_id, status, cover_image_id, reading_minutes, published_at, scheduled_at, created_at, updated_at) VALUES ('3b311816-0c40-49ee-acb2-921449e8212e', '889596c9-9768-4493-a357-31f6df43f607', NULL, 'PUBLISHED', NULL, 10, '2026-06-10T00:00:00.000Z', NULL, '2026-07-09T09:27:42.515Z', '2026-07-09T09:27:42.515Z');
INSERT INTO blog_post_translations (id, post_id, locale, slug, title, excerpt, content_json, content_html, table_of_contents_json, faq_json, seo_meta_id) VALUES ('d899cf59-976e-4def-ab9d-125249c1a999', '3b311816-0c40-49ee-acb2-921449e8212e', 'ru', 'vliyanie-pesen-na-kachestvo-zhizni', 'Как музыка влияет на качество жизни — научный взгляд', 'Как музыка влияет на качество жизни: научные исследования о влиянии музыки на настроение, продуктивность, сон и общее самочувствие. Практические рекомендации.', NULL, '<p>Музыка сопровождает нас повсюду, но редко кто задумывается о том, как глубоко она влияет на качество нашей жизни. Исследования показывают, что музыка способна менять не только настроение, но и физиологические показатели организма.</p><h2>Влияние музыки на качество жизни</h2><p>Музыка снижает уровень кортизола, повышает дофамин, улучшает когнитивные функции, качество сна и психологическое благополучие.</p><h2>Практические рекомендации</h2><p>1. Слушайте музыку осознанно. 2. Создайте плейлисты для разных состояний. 3. Используйте музыку как инструмент для настройки на сон или работу.</p><p>Статья носит информационный характер и не является медицинской рекомендацией.</p>', NULL, NULL, NULL);
INSERT INTO blog_post_translations (id, post_id, locale, slug, title, excerpt, content_json, content_html, table_of_contents_json, faq_json, seo_meta_id) VALUES ('cf837f7f-8d0d-4eab-bc0d-e4da4ced0988', '3b311816-0c40-49ee-acb2-921449e8212e', 'uk', 'vliyanie-pesen-na-kachestvo-zhizni', 'Как музыка влияет на качество жизни — научный взгляд', 'Как музыка влияет на качество жизни: научные исследования о влиянии музыки на настроение, продуктивность, сон и общее самочувствие. Практические рекомендации.', NULL, '<p>Музыка сопровождает нас повсюду, но редко кто задумывается о том, как глубоко она влияет на качество нашей жизни. Исследования показывают, что музыка способна менять не только настроение, но и физиологические показатели организма.</p><h2>Влияние музыки на качество жизни</h2><p>Музыка снижает уровень кортизола, повышает дофамин, улучшает когнитивные функции, качество сна и психологическое благополучие.</p><h2>Практические рекомендации</h2><p>1. Слушайте музыку осознанно. 2. Создайте плейлисты для разных состояний. 3. Используйте музыку как инструмент для настройки на сон или работу.</p><p>Статья носит информационный характер и не является медицинской рекомендацией.</p>', NULL, NULL, NULL);
INSERT INTO blog_posts (id, category_id, author_id, status, cover_image_id, reading_minutes, published_at, scheduled_at, created_at, updated_at) VALUES ('53a38caa-8dfd-49a4-a9ae-6dce2c071707', '889596c9-9768-4493-a357-31f6df43f607', NULL, 'PUBLISHED', NULL, 11, '2026-06-15T00:00:00.000Z', NULL, '2026-07-09T09:27:42.515Z', '2026-07-09T09:27:42.515Z');
INSERT INTO blog_post_translations (id, post_id, locale, slug, title, excerpt, content_json, content_html, table_of_contents_json, faq_json, seo_meta_id) VALUES ('6510d53a-b2a9-489b-9aad-3bc15099b41f', '53a38caa-8dfd-49a4-a9ae-6dce2c071707', 'ru', 'psikhosomatika-chto-eto', 'Психосоматика: что это и как тело говорит языком эмоций', 'Психосоматика: что это, как эмоции влияют на тело, почему врачи не находят причину болезни. Полный гид по психосоматическим симптомам и методам работы через гипнотерапию.', NULL, '<p>Тело и психика неразрывно связаны. Психосоматика — это направление, изучающее, как эмоциональные состояния и психологические проблемы влияют на физическое здоровье. Когда психика не может справиться с напряжением, тело берёт удар на себя.</p><h2>Как эмоции влияют на тело</h2><p>Подавленный гнев — напряжение в челюсти и плечах. Непрожитая печаль — тяжесть в груди. Хроническая тревога — проблемы с пищеварением, головные боли, тахикардия.</p><h2>Как гипнотерапия помогает при психосоматике</h2><p>Гипнотерапия работает с первопричиной на уровне подсознания, позволяя высвободить подавленные эмоции и убрать телесные симптомы без лекарств.</p><p>Статья носит информационный характер и не является медицинской рекомендацией.</p>', NULL, NULL, NULL);
INSERT INTO blog_post_translations (id, post_id, locale, slug, title, excerpt, content_json, content_html, table_of_contents_json, faq_json, seo_meta_id) VALUES ('53107820-249a-4007-957b-9116437abd5d', '53a38caa-8dfd-49a4-a9ae-6dce2c071707', 'uk', 'psikhosomatika-chto-eto', 'Психосоматика: что это и как тело говорит языком эмоций', 'Психосоматика: что это, как эмоции влияют на тело, почему врачи не находят причину болезни. Полный гид по психосоматическим симптомам и методам работы через гипнотерапию.', NULL, '<p>Тело и психика неразрывно связаны. Психосоматика — это направление, изучающее, как эмоциональные состояния и психологические проблемы влияют на физическое здоровье. Когда психика не может справиться с напряжением, тело берёт удар на себя.</p><h2>Как эмоции влияют на тело</h2><p>Подавленный гнев — напряжение в челюсти и плечах. Непрожитая печаль — тяжесть в груди. Хроническая тревога — проблемы с пищеварением, головные боли, тахикардия.</p><h2>Как гипнотерапия помогает при психосоматике</h2><p>Гипнотерапия работает с первопричиной на уровне подсознания, позволяя высвободить подавленные эмоции и убрать телесные симптомы без лекарств.</p><p>Статья носит информационный характер и не является медицинской рекомендацией.</p>', NULL, NULL, NULL);
INSERT INTO testimonials (id, status, client_name, client_age, avatar_initials, rating, source, consent_confirmed, published_at, sort_order) VALUES ('b467eb3e-5c8a-49bd-aa0f-add9814feddd', 'PUBLISHED', 'Анна, 34', NULL, NULL, 5, 'site', 1, '2026-07-09T09:27:42.515Z', 0);
INSERT INTO testimonial_translations (id, testimonial_id, locale, problem, result, text) VALUES ('dff63282-a3da-4c00-a120-1c5e7ab61391', 'b467eb3e-5c8a-49bd-aa0f-add9814feddd', 'ru', NULL, 'Постоянная тревога и внутреннее напряжение — появилась внутренняя тишина и спокойствие', 'Я просыпалась уже уставшей. Внутри постоянно было ощущение тревоги. После нескольких сеансов я впервые за долгое время почувствовала внутреннюю тишину. Особенно сильно на меня повлиял голос и сама атмосфера работы.');
INSERT INTO testimonial_translations (id, testimonial_id, locale, problem, result, text) VALUES ('d77cfb09-0a20-4c6e-b644-34d4ef498d32', 'b467eb3e-5c8a-49bd-aa0f-add9814feddd', 'uk', NULL, 'Постоянная тревога и внутреннее напряжение — появилась внутренняя тишина и спокойствие', 'Я просыпалась уже уставшей. Внутри постоянно было ощущение тревоги. После нескольких сеансов я впервые за долгое время почувствовала внутреннюю тишину. Особенно сильно на меня повлиял голос и сама атмосфера работы.');
INSERT INTO testimonials (id, status, client_name, client_age, avatar_initials, rating, source, consent_confirmed, published_at, sort_order) VALUES ('a7ddfa9b-7be4-4309-96e6-479158097fb4', 'PUBLISHED', 'Максим, 41', NULL, NULL, 5, 'site', 1, '2026-07-09T09:27:42.515Z', 0);
INSERT INTO testimonial_translations (id, testimonial_id, locale, problem, result, text) VALUES ('073bede3-5645-4958-b019-bfa2025b6126', 'a7ddfa9b-7be4-4309-96e6-479158097fb4', 'ru', NULL, 'Самосаботаж и страх реализации — запуск проекта, внутренняя перестройка', 'Годами откладывал запуск своего проекта. Во время работы начали всплывать старые установки и страхи. Отдельно хочу отметить песню, созданную специально под мой запрос.');
INSERT INTO testimonial_translations (id, testimonial_id, locale, problem, result, text) VALUES ('d631713c-9f9b-4da5-bec0-d6cf9930edd7', 'a7ddfa9b-7be4-4309-96e6-479158097fb4', 'uk', NULL, 'Самосаботаж и страх реализации — запуск проекта, внутренняя перестройка', 'Годами откладывал запуск своего проекта. Во время работы начали всплывать старые установки и страхи. Отдельно хочу отметить песню, созданную специально под мой запрос.');
INSERT INTO testimonials (id, status, client_name, client_age, avatar_initials, rating, source, consent_confirmed, published_at, sort_order) VALUES ('e15c7ae8-13da-40fb-a8bf-0b7274a6775c', 'PUBLISHED', 'Елена, 29', NULL, NULL, 5, 'site', 1, '2026-07-09T09:27:42.516Z', 0);
INSERT INTO testimonial_translations (id, testimonial_id, locale, problem, result, text) VALUES ('bfaeb9af-1e09-40bf-8a2b-d99bf61a6a11', 'e15c7ae8-13da-40fb-a8bf-0b7274a6775c', 'ru', NULL, 'Эмоциональное выгорание — возвращение вкуса к жизни, энергии и спокойствия', 'Я потеряла вкус к жизни. После общения с Вячеславом появилось ощущение, что я снова начинаю чувствовать себя живой. Музыка и голос действовали очень глубоко.');
INSERT INTO testimonial_translations (id, testimonial_id, locale, problem, result, text) VALUES ('3d034f99-34c9-42f5-bc67-df33f6c5fc6f', 'e15c7ae8-13da-40fb-a8bf-0b7274a6775c', 'uk', NULL, 'Эмоциональное выгорание — возвращение вкуса к жизни, энергии и спокойствия', 'Я потеряла вкус к жизни. После общения с Вячеславом появилось ощущение, что я снова начинаю чувствовать себя живой. Музыка и голос действовали очень глубоко.');
INSERT INTO testimonials (id, status, client_name, client_age, avatar_initials, rating, source, consent_confirmed, published_at, sort_order) VALUES ('af3ed5bd-3571-4267-b947-6ec2f4ca7aab', 'PUBLISHED', 'Дмитрий, 38', NULL, NULL, 5, 'site', 1, '2026-07-09T09:27:42.516Z', 0);
INSERT INTO testimonial_translations (id, testimonial_id, locale, problem, result, text) VALUES ('17c883a7-6c48-46bd-b3bd-c4851ceb21b9', 'af3ed5bd-3571-4267-b947-6ec2f4ca7aab', 'ru', NULL, 'Внутренний критик и чувство вины — принятие себя, снижение самокритики', 'Внутри постоянно звучал голос, что я недостаточно хорош. Сеансы помогли увидеть, насколько сильно мною управляли старые эмоциональные сценарии.');
INSERT INTO testimonial_translations (id, testimonial_id, locale, problem, result, text) VALUES ('e7a464e4-0cd8-48de-bccc-7584fa2ba654', 'af3ed5bd-3571-4267-b947-6ec2f4ca7aab', 'uk', NULL, 'Внутренний критик и чувство вины — принятие себя, снижение самокритики', 'Внутри постоянно звучал голос, что я недостаточно хорош. Сеансы помогли увидеть, насколько сильно мною управляли старые эмоциональные сценарии.');
INSERT INTO testimonials (id, status, client_name, client_age, avatar_initials, rating, source, consent_confirmed, published_at, sort_order) VALUES ('d853812f-95e4-488d-98aa-9fccffeb5bf2', 'PUBLISHED', 'Наталья, 45', NULL, NULL, 5, 'site', 1, '2026-07-09T09:27:42.516Z', 0);
INSERT INTO testimonial_translations (id, testimonial_id, locale, problem, result, text) VALUES ('24e3cf27-972f-4ecd-8c4d-c1666810fef6', 'd853812f-95e4-488d-98aa-9fccffeb5bf2', 'ru', NULL, 'Потеря смысла и личностный кризис — возвращение контакта с собой', 'Было ощущение, будто я живу не своей жизнью. Работа шла очень мягко, но постепенно начали происходить внутренние изменения.');
INSERT INTO testimonial_translations (id, testimonial_id, locale, problem, result, text) VALUES ('cf3506e7-7a7d-4b83-b0f1-3edde0ca4f08', 'd853812f-95e4-488d-98aa-9fccffeb5bf2', 'uk', NULL, 'Потеря смысла и личностный кризис — возвращение контакта с собой', 'Было ощущение, будто я живу не своей жизнью. Работа шла очень мягко, но постепенно начали происходить внутренние изменения.');
INSERT INTO testimonials (id, status, client_name, client_age, avatar_initials, rating, source, consent_confirmed, published_at, sort_order) VALUES ('70832862-4bb1-45b6-9358-a6b7acb093c7', 'PUBLISHED', 'Сергей, 32', NULL, NULL, 5, 'site', 1, '2026-07-09T09:27:42.516Z', 0);
INSERT INTO testimonial_translations (id, testimonial_id, locale, problem, result, text) VALUES ('dc060477-0570-48c1-a4cc-d1340f5c247f', '70832862-4bb1-45b6-9358-a6b7acb093c7', 'ru', NULL, 'Тревога и панические состояния — снижение приступов, появление спокойствия', 'Сначала скептически относился к онлайн-формату. Панические состояния стали значительно слабее, а музыка помогала возвращать спокойствие между сеансами.');
INSERT INTO testimonial_translations (id, testimonial_id, locale, problem, result, text) VALUES ('1b3e0d27-358d-4dfa-9536-6e45ed7ea4a0', '70832862-4bb1-45b6-9358-a6b7acb093c7', 'uk', NULL, 'Тревога и панические состояния — снижение приступов, появление спокойствия', 'Сначала скептически относился к онлайн-формату. Панические состояния стали значительно слабее, а музыка помогала возвращать спокойствие между сеансами.');
INSERT INTO testimonials (id, status, client_name, client_age, avatar_initials, rating, source, consent_confirmed, published_at, sort_order) VALUES ('6d1b6397-51a3-47e1-b242-36d9f4084f2a', 'PUBLISHED', 'Ирина, 36', NULL, NULL, 5, 'site', 1, '2026-07-09T09:27:42.516Z', 0);
INSERT INTO testimonial_translations (id, testimonial_id, locale, problem, result, text) VALUES ('a002d7e7-3cdc-4087-aa36-0bbbaaae869c', '6d1b6397-51a3-47e1-b242-36d9f4084f2a', 'ru', NULL, 'Повторяющиеся сценарии в отношениях — выход из цикла, появление внутренней опоры', 'Постоянно попадала в одинаковые болезненные отношения. После нескольких недель появилось ощущение внутренней опоры и спокойствия.');
INSERT INTO testimonial_translations (id, testimonial_id, locale, problem, result, text) VALUES ('669158e8-0a76-45fb-bc5c-6c1afd396ac3', '6d1b6397-51a3-47e1-b242-36d9f4084f2a', 'uk', NULL, 'Повторяющиеся сценарии в отношениях — выход из цикла, появление внутренней опоры', 'Постоянно попадала в одинаковые болезненные отношения. После нескольких недель появилось ощущение внутренней опоры и спокойствия.');
INSERT INTO testimonials (id, status, client_name, client_age, avatar_initials, rating, source, consent_confirmed, published_at, sort_order) VALUES ('4ea85940-f0f6-40a1-9b1b-08a1dbb79e87', 'PUBLISHED', 'Андрей, 27', NULL, NULL, 5, 'site', 1, '2026-07-09T09:27:42.516Z', 0);
INSERT INTO testimonial_translations (id, testimonial_id, locale, problem, result, text) VALUES ('a7872e1c-bc7e-408f-800e-eceb0f934682', '4ea85940-f0f6-40a1-9b1b-08a1dbb79e87', 'ru', NULL, 'Прокрастинация и потеря энергии — возвращение энергии и желания действовать', 'Я словно постоянно жил с включённым внутренним шумом. Работа через голос и музыку оказалась неожиданно глубокой.');
INSERT INTO testimonial_translations (id, testimonial_id, locale, problem, result, text) VALUES ('4334177b-c3f0-4e61-820b-44ba93e176f1', '4ea85940-f0f6-40a1-9b1b-08a1dbb79e87', 'uk', NULL, 'Прокрастинация и потеря энергии — возвращение энергии и желания действовать', 'Я словно постоянно жил с включённым внутренним шумом. Работа через голос и музыку оказалась неожиданно глубокой.');
INSERT INTO testimonials (id, status, client_name, client_age, avatar_initials, rating, source, consent_confirmed, published_at, sort_order) VALUES ('1c687c8b-d97f-4b8e-b840-c7f0ba6622e1', 'PUBLISHED', 'Ольга, 40', NULL, NULL, 5, 'site', 1, '2026-07-09T09:27:42.516Z', 0);
INSERT INTO testimonial_translations (id, testimonial_id, locale, problem, result, text) VALUES ('8ca2e412-7266-410c-9260-0cf96f29c2d3', '1c687c8b-d97f-4b8e-b840-c7f0ba6622e1', 'ru', NULL, 'Подавленные эмоции и психосоматика — внутреннее освобождение, уход телесных симптомов', 'Долгое время носила всё в себе — обиды, страхи, напряжение. После работы появилось ощущение внутреннего освобождения.');
INSERT INTO testimonial_translations (id, testimonial_id, locale, problem, result, text) VALUES ('f285631f-4798-4ac6-b7eb-b8ec7f259061', '1c687c8b-d97f-4b8e-b840-c7f0ba6622e1', 'uk', NULL, 'Подавленные эмоции и психосоматика — внутреннее освобождение, уход телесных симптомов', 'Долгое время носила всё в себе — обиды, страхи, напряжение. После работы появилось ощущение внутреннего освобождения.');
INSERT INTO testimonials (id, status, client_name, client_age, avatar_initials, rating, source, consent_confirmed, published_at, sort_order) VALUES ('fc073c6f-1d27-4010-a51a-d973c62f8b80', 'PUBLISHED', 'Виктор, 51', NULL, NULL, 5, 'site', 1, '2026-07-09T09:27:42.516Z', 0);
INSERT INTO testimonial_translations (id, testimonial_id, locale, problem, result, text) VALUES ('39dd0543-0b86-4175-b774-ff1f31ff9b9c', 'fc073c6f-1d27-4010-a51a-d973c62f8b80', 'ru', NULL, 'Внутренний страх перемен — спокойствие, доверие к себе и жизни', 'Очень долго жил в состоянии постоянного контроля и страха перед будущим. После сеансов стало больше внутреннего спокойствия и доверия к себе.');
INSERT INTO testimonial_translations (id, testimonial_id, locale, problem, result, text) VALUES ('32bb535e-a4f1-4460-845b-777382e75e2e', 'fc073c6f-1d27-4010-a51a-d973c62f8b80', 'uk', NULL, 'Внутренний страх перемен — спокойствие, доверие к себе и жизни', 'Очень долго жил в состоянии постоянного контроля и страха перед будущим. После сеансов стало больше внутреннего спокойствия и доверия к себе.');

-- Done.
